name,number_of_episodes
michael,25
jim,1
pam,4
dwight,0
jan,95
michel,75
todd packer,112
phyllis,17
stanley,15
oscar,20
angela,11
kevin,6
ryan,45
man,144
roy,70
documentary crew member,5
mr. brown,5
toby,67
kelly,41
meredith,43
travel agent,5
man on phone,29
everybody,58
lonny,48
darryl,81
teammates,5
warehouse worker,5
madge,48
worker,27
packer,69
katy,25
guy at bar,21
other guy at bar,21
employee,21
chili's employee,21
waitress,101
manager,57
kevin's computer,21
warehouse guy,67
warehouse guys,21
video,43
man in video,21
actor,20
redheaded actress,21
mr. o'malley,21
albiny,21
pam's mom,44
carol,62
bill,20
everyone,149
crowd,85
song,21
sherri,21
creed,42
devon,20
children,21
kid,80
vance refrigeration worker #1,19
vance refrigeration worker #2,20
hank the security guard,20
ira,21
ryan's voicemail,21
master,21
alyssa,21
christian,21
hostess,44
sadiq (it guy),21
mark,68
improv teacher,21
mary-beth,21
girl acting pregnant,21
actress,21
all,148
liquor store clerk,21
bob vance,122
captain jack,21
brenda,21
billy merchant,21
doctor,66
lab tech,21
dana,21
hooter's girls,21
phylis,46
gil,43
others,65
ed,43
todd,66
jim's voicemail,21
women,66
guy,106
men,21
group chant,21
all the men,21
delivery man,21
craig,21
josh,38
david,152
dan,21
receptionist,125
overhead,43
speaker,44
melissa,43
sasha,69
abby,21
jake,44
the kids,21
kids,66
miss trudy,21
edward r. meow,21
chet,21
young michael,21
delivery woman,21
delivery boy,21
office staff,21
store employee,21
linda,46
hank,144
sheriff,21
i.d. photographer,21
photographer,88
anglea,21
female worker,21
billy's girlfriend,21
billy,21
dealer,21
bob,112
meredith's vet,21
andy,14
karen,61
jerome bettis,22
ted,22
waiter,86
,47
evan,22
alan,45
hannah,19
announcer,45
pretzel guy,22
cousin mose,22
tony,21
server,44
girls,22
kelly's mom,22
kelly's father,22
young man,22
mrs. kapoor,22
mr. kapoor,22
m ichael,22
dwight:,22
martin,21
male voice,22
chef,22
woman at bar,22
cindy,22
second cindy,22
other waitress,22
both,150
someone,34
harvey,22
buyer,44
kenny,65
julius,44
phone,70
staples guy,22
lady,67
paris,22
marcy,22
ben franklin,22
elizabeth,35
priest,22
uncle al,22
randy,22
unknown,22
college student,22
business student #1,22
business student #2,22
business student #3,22
woman,149
artist,22
student 1,21
student 2,21
student 3,22
rachel,44
dan gore,22
bartender,55
child,22
hunter,20
darry,22
micheal,91
larry,22
chad lite,22
jamie,22
barbara,22
school official,22
barbara allen,22
spanish teacher,22
denise,22
group,110
it tech guy,13
nurse,84
intern,13
pediatrician,13
robert dunder,13
amy,13
gps,13
larry myers,13
ex-client,13
voice of thomas dean,13
sandy,13
dunmiff,13
sys,13
dwightkschrute,13
tech guy,13
angels,13
pizza guy,13
voice #1 on phone,13
voice #2 on phone,13
micahel,34
michae,12
nick,34
mose,78
co-worker 1,13
stanely,13
micael,13
vikram,38
co-worker 2,13
co-worker 3,13
mr. figaro,13
ad guy 1,13
ad guy 2,13
david wallace,71
michael's ad,13
rolando,38
ben,13
security guard,13
lester,13
diane kelly,13
diane,13
deposition reporter,13
council,13
hunter's cd,13
officer 1,13
officer 2,13
officer,13
neighbor,13
wendy's phone operator,13
margaret,13
coffee shop worker,13
jan [on phone],13
w.b. jones,13
paul faust,13
bill cress,13
paul,13
troy,34
girl in club,13
tall girl #1,13
all girls,13
tall girl #2,13
girl in 2nd club,13
cleaning lady,13
phil maguire,13
phil,13
justin,13
maguire,13
woman on mic,13
graphics guy,13
brad,13
air force recruiter,13
holly,47
woman over speakerphone,13
vance refrigeration guy,38
holy,36
co-workers,13
ronnie,25
professor,25
friend,25
jim9334 [screen name],25
receptionitis15 [screen name],25
jim9334,25
receptionitis15,25
dight,25
kendall,24
michael [on phone],25
pam [on phone],25
hank [the security guard],25
guy in audience,25
tom,71
pete,51
mother,25
alex,25
customer,71
stewardess,25
beth,25
concierge,25
marie,25
guy at table,25
concierge marie,25
client,71
dacvid walalce,25
david wallcve,25
dacvid wallace,25
leo,25
police officer 1,25
police officer 2,25
guy buying doll,25
rehab nurse,25
everyone watching,25
entire prince family,25
prince grandfather,25
entire office,25
prince,25
prince granddaughter,25
prince grandmother,25
prince son,25
lawyer,48
cpr trainer,25
rose,25
jessica alba,25
lily,25
sam,25
warehouse michael,25
julia,25
a.j.,25
phone salesman,25
blood drive worker,25
blood girl,25
lynn,23
blonde,25
eric,47
girl,71
charles,19
stephanie,47
employees,25
isaac,47
supervisor,25
michal,25
nana,25
chares,25
old woman,48
erin,23
secretary,70
automated phone voice,25
mr. schofield,25
financial guy,25
ty,25
jessica,46
vance refrigeration guy 1,25
vance refrigeration guy 2,25
vrg 1,25
vrg 2,25
rolph,25
aj,48
man from buffalo,25
woman from buffalo,25
female intern,23
maurie,23
megan,46
gwenneth,23
front desk clerk,23
mr. halpert,23
mema,23
mr. beesly,23
little girl,46
penny,23
isabel,22
hotel employee,22
hotel manager,23
tom halpert,23
pete halpert,23
pam's dad,23
grotti,23
credit card rep,23
rep,23
various,46
keena gifford,23
helene,66
david wallace's secretary,23
voice on cd player,23
limo driver,45
laurie,23
registrar,23
security,23
woman in line,23
man in line,23
shareholder,23
female shareholder,23
second shareholder,23
third shareholder,23
fourth shareholder,23
o'keefe,23
mikela,23
students,46
teacher,23
lefevre,23
zion,23
deliveryman,23
daryl,42
office,46
matt,21
computron,23
fake stanley,23
gabe,48
christian slater,23
jo bennett,23
jo,39
jerry,23
teddy wallace,23
mrs. wallace,23
teddy,23
policeman,23
hospital employee,23
(pam's mom) heleen,23
kathy,43
dale,23
clark,27
isabelle,23
d,23
warehouse guy 1,23
warehouse guy 2,23
reid,23
night cleaning crew,23
miichael,23
julie,23
hide,66
bar manager,23
bouncer,23
girl at table,23
cookie monster,23
dwight.,23
hayworth's waiter,23
oscar's voice from the computer,23
donna,45
mihael,23
old lady,46
glen,23
gym instructor,23
shane,23
reporter,46
realtor,23
luke,23
window treatment guy,23
angel,23
salesman,45
usher,45
shelby,23
sweeney todd,23
mexican man,23
son,23
nate,61
employees except dwight,23
astrid,23
carroll,23
carrol,23
danny,22
steve,23
church congregation,23
pastor,45
female church member,23
male church member,23
female church member [to michael],23
doug [church member],23
doug,23
mee-maw,23
meemaw,23
carla,45
jim's dad,23
bus driver,23
another guy,23
radio,23
cece,68
tv,23
meridith,23
robotic voice,23
phyliss,23
passer-by,23
bass player,23
justine,46
jada,22
robert,50
darrly,22
member,23
video michael,23
bookstore employee,23
dj,23
david brent,22
older guy,23
younger guy,23
older woman,23
professor powell,23
helen,23
attendant,23
hot dog guy,23
cell phone sales person,23
boom box,23
holly's mom,23
holly's dad,23
deangelo,20
denagelo,23
darryl's sister,23
audience,68
together,23
abe,23
rory,23
deagnelo,23
jordan,21
dwight [on phone],23
mose [on phone],23
all but oscar,23
fred henry,23
fred,23
warren buffett,23
warren,23
robert california,46
merv bronte,23
merv,23
nellie bertram,23
nellie,38
finger lakes guy,23
pam as fourth-biggest client,23
pam as ninth-biggest client,23
tattoo artist,23
female applicant,23
male applicant 1,23
male applicant 2,23
gideon,23
bruce,23
walter,23
ellen,23
walter jr,23
erin's cell phone,23
bert,23
val,36
warehouse crew,23
cathy,17
offscreen,23
curtis,23
drummer,23
old man,23
park ranger,23
chelsea,23
archivist,23
narrator,23
soldier,45
amanda,23
susan,23
bob's secretary,23
mrs. california,23
host,23
queerenstein bears,23
oscar's friend,23
stu,23
stonewall host,23
einsteins,23
senator lipton,44
ernesto,23
officer foley,23
saleswoman,23
emergency operator,23
paramedic,23
donna muraski,23
wally amos,23
brandon,22
blogger,23
blogger 2,23
lady blogger,23
patty,23
elderly woman,23
irene,22
alonzo,23
glenn,44
lauren,23
party guests,23
magician,23
ravi,44
wrangler,23
senator,44
vet,23
harry,23
mr. ramish,23
calvin,23
off-camera,22
rafe,22
fake jim,22
voicemail,22
group: dunder mifflin!
andy: andy bernard presents: summer softball epic fails! [kevin swings bat on screen,22
fart noise follows] fail. [repeats] fail,22
[repeats]
andy: fail,22
[clark,22
pete are shown on screen]
video andy: hey,22
i'm pete,22
puberty is such a drag,22
man. and i'm clark! i like to eat toilet paper. [clark,22
pete wave at camera] we fail! [video shows memorial of jerry,22
hct,22
hct member #1,22
hct member #2,22
broccoli rob,22
businessman #1,22
businessman #2,22
businessman #3,22
hct member #3,22
white,22
boat guy,22
walt jr.,22
senator liptop,22
guys in breakroom,22
business partner,22
molly,22
colin,22
trevor,21
julius irving,22
new instant message,22
suit store father,22
athlead employee,21
dennis,22
wade,22
suit store son,22
female athlead employee,22
3rd athlead employee,22
4th athlead employee,22
co-worker,22
co-worker #2,22
mr. romanko,22
dance teacher,22
ballerinas,22
parent in audience,22
parent in audience #2,22
parent in audience #1,22
investor,22
lonnie,22
fast food worker,22
drive thru customer,22
brian,18
cameraman,21
rolf,22
gabor,22
zeke,20
melvina,22
wolf,22
sensei ira,22
frank,22
party announcer,22
party guest,22
party photographer,22
party waiter,22
nail stylist 1,22
nail stylist 2,22
nail manager,22
shirley,22
athlead coworker,22
roger,22
alice,22
oscar's computer,22
jeb,22
german minister,22
fannie,22
henry,22
esther,18
aunt shirley,22
cameron,22
promo voice,22
ryan howard,22
mr. ruger,22
promo announcer,22
ruger sister 1,22
salesmen,22
ruger sister 2,22
reporter #1,22
reporter #2,22
mrs. davis,22
phillip,21
carla fern,22
director,22
producer,22
vance refrigeration,22
production assistant,22
sensei,22
philip,22
check-in guy,22
casey,22
mark mcgrath,22
camera crew,22
people in line,22
santigold,22
aaron rodgers,22
clay aiken,22
malcolm,22
casey dean,22
bill hader,22
seth mayers,22
dakota,22
stripper,22
jakey,22
man 1,22
woman 1,22
woman 2,22
man 2,22
moderator,22
man 3,22
woman 3,22
woman 4,22
joan,22
minister,22
carol stills,22
